{
  "1": [
    14.2574356,
    40.8509258
  ],
  "2": [
    14.2434233,
    40.8328466
  ],
  "3": [
    14.2605443,
    40.8520705
  ],
  "4": [
    14.2549332,
    40.8492993
  ],
  "5": [
    14.2471455,
    40.8653744
  ],
  "6": [
    14.5862148,
    40.9258861
  ],
  "7": [
    14.2494353,
    40.8595021
  ],
  "8": [
    14.2538702,
    40.8577579
  ],
  "9": [
    14.2536105,
    40.8543998
  ],
  "10": [
    14.2454356,
    40.8373186
  ],
  "11": [
    14.2546222,
    40.8502262
  ],
  "12": [
    14.2518867,
    40.8595985
  ]
}