{
  "1": [
    14.2574356,
    40.8509258
  ],
  "2": [
    14.2434233,
    40.8328466
  ],
  "3": [
    14.253935,
    40.8498832
  ],
  "4": [
    14.2549332,
    40.8492993
  ],
  "5": [
    14.2471455,
    40.8653744
  ],
  "6": [
    14.5862148,
    40.9258861
  ],
  "7": [
    14.2494353,
    40.8595021
  ],
  "8": [
    14.2538702,
    40.8577579
  ],
  "9": [
    14.2536105,
    40.8543998
  ],
  "10": [
    14.2454356,
    40.8373186
  ],
  "11": [
    14.2546222,
    40.8502262
  ],
  "12": [
    14.2518867,
    40.8595985
  ],
  "13": [
    14.2598769,
    40.851074
  ],
  "14": [
    14.2429496,
    40.835956
  ],
  "15": [
    14.2182777,
    40.8305527
  ],
  "16": [
    14.2508536,
    40.8520375
  ],
  "17": [
    14.2570268,
    40.8518578
  ],
  "19": [
    14.2657659,
    40.8721652
  ],
  "20": [
    14.2485652,
    40.8358559
  ],
  "22": [
    14.2133195,
    40.8680809
  ],
  "23": [
    14.2502573,
    40.867283
  ],
  "24": [
    14.2700076,
    40.8680038
  ],
  "25": [
    14.2470221,
    40.8576131
  ],
  "28": [
    14.251641,
    40.853297
  ],
  "30": [
    14.2455344,
    40.8361053
  ],
  "31": [
    14.2455344,
    40.8361053
  ],
  "32": [
    14.2455344,
    40.8361053
  ],
  "33": [
    14.2515669,
    40.8612451
  ],
  "34": [
    14.2393345,
    40.8709978
  ],
  "35": [
    14.2468733,
    40.8432481
  ],
  "36": [
    14.2370859,
    40.854068
  ],
  "37": [
    14.2470594,
    40.8513157
  ],
  "39": [
    14.247656,
    40.8401976
  ],
  "40": [
    14.2645914,
    40.8677237
  ],
  "41": [
    14.2448244,
    40.8394172
  ],
  "42": [
    14.2457856,
    40.8336559
  ],
  "43": [
    14.1765244,
    40.8001824
  ],
  "44": [
    14.0488298,
    40.8491369
  ],
  "45": [
    14.2459225,
    40.8304882
  ],
  "46": [
    14.4557365,
    40.6589639
  ],
  "47": [
    14.2610945,
    40.8489894
  ],
  "50": [
    14.2485271,
    40.8605402
  ],
  "51": [
    14.2471484,
    40.8398883
  ],
  "52": [
    14.2518867,
    40.8595985
  ],
  "53": [
    14.2465048,
    40.8365949
  ],
  "54": [
    14.2704444,
    40.8610286
  ],
  "56": [
    14.2446805,
    40.8357864
  ],
  "58": [
    14.2590755,
    40.8585981
  ],
  "60": [
    14.2470594,
    40.8513157
  ],
  "18": [
    14.2515696,
    40.860957
  ],
  "21": [
    14.2493865,
    40.8502502
  ],
  "48": [
    14.2485671,
    40.8457975
  ],
  "55": [
    14.2685519,
    40.8582367
  ],
  "57": [
    14.2382561,
    40.8660756
  ],
  "59": [
    14.0802843,
    40.7952032
  ],
  "26": [
    14.2470221,
    40.8576131
  ],
  "27": [
    14.2520178,
    40.8628737
  ],
  "38": [
    14.2278444,
    40.8522845
  ],
  "29": [
    14.254512,
    40.858043
  ],
  "49": [
    14.2472,
    40.8456
  ]
}